Model,IRR,NIR
Random Forest Classifier,0.0,-2.4
Logistic Regression,0.015140093515285152,18.40000000000009
XGBoost Classifier,0.02277878370490802,137.65000000000003
